Trend,Words
Diane Abbott,"abbott, diane, labour, hackney, support, mp, standing, called"
Farage,"farage, nigel, question, time, muslim, even, bbc, racist, british, hes, election"
#RaceAcrossTheWorld,"series, moment, tv, alfie, thank, show, team, raceacrosstheworld"
Red Bull,"bull, red, shirt, next, leeds, united, new, minority, become, clubs, fuck, stake, club, sponsor, deal, fans"
Luke Akehurst,"akehurst, luke, labour, israel, candidate, lobbyist, north, labours, deleted, tweets, durham, professional, believe, member, nec, shaheen, party"
Ed Davey,"davey, ed, election, across, world, party, daveys, campaign, leader, slide"
HMRC,"hmrc, tax, dan, hodges, daily, rayner, like, cleared, pay, house, rishi, mail, tory, sunak, working"
Fiorentina,"fiorentina, olympiacos, conference, league, europa, final, e, athens, win, ai"
Question Time,"time, question, farage, nigel, bbc, bruce, racist"
Angela Rayner,"angela, rayner, tax, hodges, one, amp, know, dan, police, said"
Hackney,"hackney, shooting, london, including, abbott, shot, people, child, restaurant, mp, diane"
"Wordle 1,076 X","1076, x6wordle, x6"
#SwiftiesForPalestine,"speak, swiftiesforpalestine, palestine, keep, spread"
#InsideNo9,insideno9insideno9
#thismorning,thismorning
#NationalBiscuitDay,"biscuit, nationalbiscuitday, biscuits, know, celebrate"
Betty,"james, race, across, amp, thread, trend"
49ers,"49ers, jauan, jennings, officially, bowl, pick, 7th, round"
Greens,"greens, amp, dems, senator"
Auba,"auba, arteta, arsenal, aubameyang, story, season, player, disciplinary, mother, made"
Tzolis,"tzolis, fortuna, zu, christos, dsseldorf, gt, die, und, tanaka, das, um, ist"
Mickey Mouse,"mouse, mickey, walt, disney, el, de, con"
Dan Hodges,"hodges, dan, angela, rayner, amp"
Mother Teresa,"teresa, mother, charges, beat, trump, judge, hush, money, could, guilty, porn, rigged"
taeyong,"taeyong, keep, story, speak, taeyongtaeyong, hes, right"
De Niro,"de, niro, robert, youre"
Osaka,"swiatek, iga, osaka, naomi, match, de, le"
Liz Truss,"truss, liz, prime, minister, party, would, phillips, whip"
Ross Kemp,"ross, kemp, like"
National Anthem,"national, anthem, old, tomatoes, dear, nigerian"
#Lionesses,"england, lionesses, 10, mead, france"
#britainsgottalent,"bgt, performance, judge, alesha"
Sarina,"sarina, wiegman"
#NORvSAR,"gallagherprem, juan, try, furbank, game, saracens, el, farrell"
Alex Mitchell,"mitchell, alex, bgt, funny, act, tics, win, year, comedian"
Russo,"de, russo, e, que, guerra, da, la, na, ucrnia, di, para, dos, em, um, uma, por, ucranianos, contra, per, com, armas"
Trixy,"trixy, bgt, number, le, calculator, trick, de"
Al Nassr,"al, nassr, ronaldo, cup, de, lost, king, season, teammates, la, hilal, 2, saudi, x2"
Sarries,"sarries, saintsrugby, saints, game, team, play, season"
Phil Bentham,"phil, ben, thaler, bentham, game, commentator, get, tell, huddersfield, calling, sky"
Hemp,"hemp, cannabis, industry, going, amp"
Leah,leah
Batman,"batman, batmanbatman, loved"
Dortmund,"dortmund, ucl, de, borussia, fans, played, goals, la, champions, es, sancho, real, leaves, reus, despus"
Wilder,"wilder, zhang, deontay, vs, fight, see, knocks, got, way"
Kirby,"kirby, children"
Eminem,"back, eminem, fans, houdini"
Clinton,"clinton, trump, bill, hillary, biden, going, rigged, time, still"
Whisper,"whisper, every"
Carter,"carter, de, en, la, one, world"
Camilla,"generalelection, youre, generalelection2024, torybrokenbritain"
John Burnside,"john, burnside, hear, death, writer, poet, one, read, wonderful, amp, scottish"
MySpace,myspace
Frozen,"frozen, 3, 2, bank, got, june"
Zhang,"zhang, wilder, hao, deontay, hanbin"
Bethany,june
Kemi,"kemi, badenoch, labour, pantsi"
Dodds,"plan, dodds, years"
Bellingham,"bellingham, jude, champions, bellinghams, league, mourinho, de, years, con, jos, picture, mum, fancied, jose, foto, que, bellinghamjude, real, madrid, pintus, el, player, season"
GB Energy,"energy, gb, private, wont, company, investment, sector, labour, starmer, produce, sell, scotlands, bills, isnt, amp, keir, scotland, generate, vehicle, england, dont, labours, words, difference, make"
City of Troy,"derby, city, troy, wins, aidan, obrien, win, betfred, 2024, epsom, ryan, moore, ballydoyle, winner, justify, day, epsomracecourse, coolmore, amp, horse, david"
Tommy Robinson,"robinson, tommy, march, london, right, parliament, british, patriots, people, allah"
#UCLfinal,"uclfinal, dortmund, ucl, champions, la, de, jude, real, madrid, mum, bellingham"
Happy Pride Month,"pride, monthhappy, month, hazbinhotel, every"
#BATvSAL,"gallagherprem, bathrugby, salesharksrugby, batvsal, watch, live, rugbyontnt, first, lead, tom"
Tosin,"adarabioyo, tosin, chelsea, signing, next, medical, amp, il, week"
Keighran,"keighran, red, card, ban, next, adam, think"
Prevent,"prevent, europe, russia, war, children, tried, protest, orban, said, government, wants"
#FruitsInASongOrMovie,
seokjin,"seokjin, hug, jin, festa, na, que, un"
Chalobah,"chalobah, tosin, trevoh"
#Starliner,"starliner, crew, launch, nasa, boeing, scrubbed, ula, todays, boeingspace, scrub, astronauts, flight, test, spacecraft, checks"
#UnwellMoviesOrSongs,
Patriots,"patriots, british, london, allah, thousands, country, march, fck, robinson, back"
Hooligans,"hooligans, football, british, like, media, people, london, mail, farright, look, flags, fans, robinson"
Voyage,"voyage, le"
Bath,
Ferrucci,"ferrucci, santino"
Havlin,"havlin, ambiente, rab, friendly, like, moore, city, troy, hamlin"
Dream Composer,"composer, dream, dash, win, wins, home, late, astonmartin, ride, one"
Michael Dunlop,"dunlop, tt, uncle, michael, isle, man, record, 26, wins, joey, amp, hes, done, alltime, joeys, history, race"
Far Right,"right, far, london, media, farright, tommy, robinson, march, marching, calling"
Twickenham,"twickenham, bathrugby, first, time, final, bath, since, gallagherprem, today"
Royal Scotsman,"scotsman, royal, diomed, stakes, betfred, jamie, ride, amp, spencer, group, 3, epsom"
Dykes,"dykes, lyndon, training"
Redcar,"redcar, campaign, today, bus, amp, us, help"
Parliament Square,"parliament, square, tommy, robinson, right, march, british, patriots"
Froch,"froch, carl, carlfroch, george, groves, fight, years, boxing, front, people, wembley"
Hundreds,"hundreds, us, years"
Rule Britannia,"rule, britannia, british, london, till, die, square, patriotic, parliament, country, never"
Real Madrid,"real, de, madrid, mbapp, con, mbappe, la"
Dubois,"dubois, hrgovic, vs, 5, daniel, career, win, usyk, hes, bare, fight, im, stops, gerizekal, 3m, maa"
Vini,"vini, jr, de, final, que, em, uma, ucl, e, vdeo, finals, os, essa, da, mundo"
Adeyemi,"adeyemi, vs, de, real"
Sheeraz,"sheeraz, hamzah, 5, vs, queensberry, matchroom, win, williams, ammo, live, tnt, sports, box, team"
Wembley,"wembley, de, en, champions, league, start, la, final, game"
Mbappe,"de, real, mbappe, la, madrid, kylian, adding, des, les, le, pas, que, mbapp, bless, dbarrass, fans, est"
Camavinga,"de, camavinga, champions, eduardo, et, des, la"
Maatsen,"maatsen, de, champions, ian, league"
Stourbridge,"stourbridge, champions, bellingham, bellinghamjude, chairman, birmingham, league, madrid, jude, made"
#UFC302,"ailuperezufc, perez, ufc302"
Hummels,"hummels, de, la, mats, en, un, uclfinal, final, le, champions, que, dortmund, para, borussia"
#25thTGMA,"artiste, ghana, 25thtgma, year, win"
Musetti,"musetti, djokovic, lorenzo, set, de, novak, match, et, roland, garros, il, en, one, du"
Eddie Hearn,"hearn, eddie, warren, 5, frank, 5vs5, bronzebomber, win, eddiehearn, im, boxing"
Kevin Campbell,"kevin, campbell, best, amp, sending, love, super, well, strength, rumours, unwell, kidney, praying, 1kevincampbell, speedy, recovery, prayers, go, one, arsenal, hospital, family, statement, ill, soon, former, striker, us, seriously, man"
Super Kev,"super, kev, love, well, campbell, us, speedy, everton, 1kevincampbell, know, recovery, best, prayers, legend, keep, loves, fighting, win, get, amp"
Laurence Fox,"fox, laurence, car, kids, bus, life, drunk, mot, tommy, lane, hate, flags"
Ally McCoist,"mccoist, ally, champions, league, one, final, best"
Djokovic,"djokovic, novak, musetti, de, set, one, roland, nadal, lorenzo, match, garros, rolandgarros"
Courtois,"courtois, que, por, en, de, los, habis, es"
Kepa,"champions, league, kepa, el, trophies"
Novak,"novak, djokovic, musetti, set, roland, 1, match, amp, lorenzo, shot"
European Cup,"european, cup, league, history, first, cupchampions, competition, manager, five, times, madrid, ancelotti, win, 2003, 2007, 2014, 2022, real, champions"
Ammo Williams,"ammo, williams, sheeraz, captain, points, stops, 5, queensberryvsmatchroom, 5vs5, round, vs, matchroom, tko, got"
Audi,"audi, car, por, la, el, amp"
Father Ted,"ted, father, remake, episode, lost, lingerie"
Valverde,"de, valverde, el, que, para, mi, es, al, madrid, un, los, del, en, perdonada"
Turki,"live, dazn, click, link, bio, riyadhseason, queensberryvsmatchroom, 1, buy5vs5, 5vs5, sheeraz, team"
#ufc302,"trump, ufc302, palestine, gon, na, makhachev, jon, jones, pound, poirier, anybody"
Champions League,"champions, league, real, madrid, team, de, final"
#QueensberryvsMatchroom,"queensberryvsmatchroom, 5vs5, zhang, never, kos, wilder"
#DORRMA,"uclfinal, wins, everyone, likes, dorrma, qui, madrid, post, dortmund, de, dorrmareal, league, give, ucl, share, tonight, dorrmadortmund, le"
#bbclaurak,"amp, new, public, hospitals, laura, got, cooper, think, like, labour, people, tory, kuenssberg, government, johnson, 40, victoria, atkins, health, trust, nhs, spent, much"
Sancho,"sancho, hag, ten, man, dortmund, trophies, goals, 0, 1, played, united, 2"
Islam,"islam, makhachev, champ, dustin, jon, jones"
JUNGKOOK,"let, go, never, jungkook, rm, festa, songs, know, 4, oclock, ddaeng, tonight, still, bicycle, 2020, amp, june, new, released, song, jung, kooks, army, love, others"
Trump,"trump, stop, donald, de, ufc, 302, voc, um, que, said, para, uma, farsa, esto, fazendo, com, president, post, biden, fuck"
Look De Vega,"de, vega, du, look, prix, jockey, club, cylerner, qatar, french, impressive, unbeaten, derby, le, un, lope, wins, jockeyclub, 3, la, des, et, ronan"
Reus,"reus, marco, borussia, que, dortmund, leaves, feel, de, al, real, madrid, la, el"
Dot and Bubble,"dot, bubble, doctor, episode, lindy, slugs, heroes"
NICK BALL,"ball, nick, ford, vs, fight, really, 5, ive, one, world, best, featherweight"
Dustin,"dustin, poirier, makhachev, islam, de, respect, ufc302dustin"
Carvajal,"de, carvajal, kroos, el, champions, dani, que, league, madrid, toni, gol, la, un, real, ucl, man, bellingham, para, con, luka, final, modric, le, win, crner"
Ancelotti,"ancelotti, league, carlo, nos, de, champions, ya, ucl, finals, en, que, se, la, los, 1x, cup, un, kroos"
Brandt,"brandt, league, created, new, history, key, fr, player"
#BVBRMA,"bvbrma, de, madrid, la, real, ucl, ligue, des, champions, pour, uclfinal, 15me, fois, son, au, du, die, das"
Trey,trey
iwobi,"alex, player, iwobi, na, yoruba, people, loud, score, nigerian, iwobimystery, african, europa, league"
Sharky,"beta, squad, sharky, 21, amp, kick, free, vs"
#QueensberryVsMatchroom,"queensberryvsmatchroom, zhang, 5vs5, never, wilder"
Sturridge,"sturridge, iconic, game, daniel, beats"
#betasquad,"amp, player, pitch, betasquad"
Djed Spence,"djed, spence, player, beta, squad, vs, amp, match, spencedjed, spencemystery"
Armagh,"derry, armagh, group, 317, 015, 1, gaa, watch, rteplayer, listen, sunday, sport, rteradio1, live"
Iwobi,"alex, iwobi, player, na, people, score, beta, vs, amp, nigerian, yoruba, loud, african, europa, league"
Nick Ball,"nick, ball, ford, one, really, fight, vs, ive, world, featherweight, best"
RIP Rob,"rob, rip, burrow, incredible, man, cbe, time, leeds, family, mnd"
#VolunteersWeek,"volunteers, thank, volunteersweek, us, volunteering, today, support, everything, every, help, amp, bits, litter, difference, volunteer, group"
#bgtfinal,"bgt, bgtfinal, professional, talent, britainsgottalent"
$MACHO,"macho, machoonsol, one, dont, pazartesi"
#politicslive,"badenoch, kemi, streeting, politicslive, party, etc, rishi, wes"
Kevin Sinfield,"kevin, sinfield, rob, burrow, leeds, rhinos, tribute, friend, former, best, carried, mate, died, moment, finish, line, time, burrows, find, rugby"
Kemi Badenoch,"badenoch, kemi, nhs, culture, waiting, dont, etc"
Clacton,"clacton, candidate, win, nigel, good, mp, stand, campaign, current, could, would, hes, thanet"
#RCN24,"rcn24, nursing, care, congress, debate, patients, thercn, us"
Ocon,"ocon, esteban, end, alpine, f1, team, part, ways, 2024, que, de"
Pride,"pride, monthhappy, month"
Maldives,"maldives, ban, israeli, banned, israelis, lakshadweep, decided, visit, beaches, beautiful, people, dont"
Morgan Morris,"morris, morgan, nicky, gatland, smith, dont, squad"
Haas,"de, haas, el, que, se, la, con, en"
Reform,"reform, vote, farage, labour, july, uk, hes, 5, conservative, win, would, candidate, vergisi"
Trident,"trident, lammy"
Rugby League,"rob, burrow, rugby, league, rhinos, family, leeds, tribute, outside"
Cory Hill,"cory, hill, yn, gatland, williams, liam, smith, morris"
Jack Doohan,"doohan, jack, alpine"
Classic Rishi,"rishi, classic, sunak, always, lib, dems, general, people"
Tice,"tice, richard, farage, reform, uk, party, nigel, dont, want, going, announcement, amp, right, standing, general, election, live, vote"
